company,title,location,url
Stripe,"Android Engineer, Terminal OS Platform","San Francisco, Seattle",https://stripe.com/jobs/search?gh_jid=7557403
Stripe,"Engineering Manager, Mobile Development Productivity",US-Remote,https://stripe.com/jobs/search?gh_jid=8229361
Stripe,"Frontend Engineer, Data Product Experiences",N/A,https://stripe.com/jobs/search?gh_jid=8194604
Stripe,"Frontend Engineer, Expansion",N/A,https://stripe.com/jobs/search?gh_jid=7644950
Stripe,"Mobile Engineer, Treasury",United Kingdom,https://stripe.com/jobs/search?gh_jid=7978915
Stripe,Senior Software Engineer,"South San Francisco, CA",https://stripe.com/jobs/search?gh_jid=8175099
Stripe,"Senior Software Engineer, Backend","Seattle, WA",https://stripe.com/jobs/search?gh_jid=8230952
Stripe,"Senior Software Engineer, Docs Product","New York, NY",https://stripe.com/jobs/search?gh_jid=8177860
Stripe,"Senior Software Engineer, Product Velocity","Seattle, WA",https://stripe.com/jobs/search?gh_jid=8194328
Stripe,"Senior Staff Software Engineer, Stripe Dashboard",Seattle,https://stripe.com/jobs/search?gh_jid=7746721
Stripe,Software Engineer,"Seattle, WA",https://stripe.com/jobs/search?gh_jid=8249901
Stripe,Software Engineer,"Chicago, IL",https://stripe.com/jobs/search?gh_jid=8137972
Stripe,"Software Engineer, Backend","Seattle, WA",https://stripe.com/jobs/search?gh_jid=8198280
Stripe,"Software Engineer, Bridge","San Francisco, NY, Seattle",https://stripe.com/jobs/search?gh_jid=7277110
Stripe,"Software Engineer, Connect Tax Reporting","Bucharest, Romania",https://stripe.com/jobs/search?gh_jid=8078337
Stripe,"Software Engineer, Core Infrastructure","Sydney, Australia",https://stripe.com/jobs/search?gh_jid=7975725
Stripe,"Software Engineer, Data Orchestration",N/A,https://stripe.com/jobs/search?gh_jid=7230670
Stripe,"Software Engineer, Early Career — Immediate Start",Toronto,https://stripe.com/jobs/search?gh_jid=8212517
Stripe,"Software Engineer, Early Career — Immediate Start","San Francisco, Seattle, New York",https://stripe.com/jobs/search?gh_jid=8212508
Stripe,"Software Engineer, High Availability and Disaster Recovery","Seattle, WA",https://stripe.com/jobs/search?gh_jid=8197135
Stripe,"Software Engineer, Intern",Singapore,https://stripe.com/jobs/search?gh_jid=8130883
Stripe,"Software Engineer, Intern",Bengaluru,https://stripe.com/jobs/search?gh_jid=8031833
Stripe,"Software Engineer, Intern",London,https://stripe.com/jobs/search?gh_jid=8130867
Stripe,"Software Engineer, Intern ",Bucharest,https://stripe.com/jobs/search?gh_jid=8130807
Stripe,"Software Engineer, Internal Systems","Bengaluru, India",https://stripe.com/jobs/search?gh_jid=7543868
Stripe,"Software Engineer, Intern (Summer or Winter)","San Francisco, Seattle, New York City",https://stripe.com/jobs/search?gh_jid=8128745
Stripe,"Software Engineer, Intern (Summer or Winter)",Toronto,https://stripe.com/jobs/search?gh_jid=8130805
Stripe,"Software Engineer, Intern (Summer or Winter)",Dublin,https://stripe.com/jobs/search?gh_jid=8097801
Stripe,"Software Engineer, Metronome Infrastructure","Toronto, Vancouver, Canada-Remote",https://stripe.com/jobs/search?gh_jid=8231439
Stripe,"Software Engineer, Money Movement ",London,https://stripe.com/jobs/search?gh_jid=7208537
Stripe,"Software Engineer, New Grad",Dublin,https://stripe.com/jobs/search?gh_jid=8130881
Stripe,"Software Engineer, New Grad",Singapore,https://stripe.com/jobs/search?gh_jid=8160776
Stripe,"Software Engineer, New Grad","San Francisco, Seattle, New York",https://stripe.com/jobs/search?gh_jid=8128744
Stripe,"Software Engineer, New Grad",Bucharest,https://stripe.com/jobs/search?gh_jid=8130922
Stripe,"Software Engineer, New Grad",Toronto,https://stripe.com/jobs/search?gh_jid=8157838
Stripe,"Software Engineer, New Grad",London,https://stripe.com/jobs/search?gh_jid=8130930
Stripe,"Software Engineer, New Grad - Frontend",Barcelona,https://stripe.com/jobs/search?gh_jid=8130927
Stripe,"Software Engineer, Online Database Infrastructure","Seattle, WA",https://stripe.com/jobs/search?gh_jid=8197891
Stripe,"Software Engineer, Payins Card Networks","Seattle, WA",https://stripe.com/jobs/search?gh_jid=8198207
Stripe,"Software Engineer, Product Security Data Platforms",Seattle,https://stripe.com/jobs/search?gh_jid=7761694
Stripe,"Software Engineer, Revenue and Financial Automation",N/A,https://stripe.com/jobs/search?gh_jid=8076616
Stripe,"Software Engineer, Revenue and Financial Automation","San Francisco, New York City, Seattle, Chicago, US-Remote",https://stripe.com/jobs/search?gh_jid=8127182
Stripe,"Software Engineer, Secrets Infrastructure",na,https://stripe.com/jobs/search?gh_jid=7396679
Stripe,"Software Engineer, Security Business Enablement",Dublin,https://stripe.com/jobs/search?gh_jid=8175656
Stripe,"Software Engineer - Smart Contract, Bridge",San Francisco or New York,https://stripe.com/jobs/search?gh_jid=7507904
Stripe,"Software Engineer, Stripe Data Pipeline",Bangalore,https://stripe.com/jobs/search?gh_jid=8209970
Stripe," Software Engineer, Stripe Tax",Barcelona,https://stripe.com/jobs/search?gh_jid=8232358
Stripe,"Software Engineer, Stripe Tax ","Dublin, Ireland",https://stripe.com/jobs/search?gh_jid=8076626
Stripe,"Software Engineer, Vulnerability Management",US - Remote,https://stripe.com/jobs/search?gh_jid=8089353
Stripe,"Staff Product Manager, Mobile","New York City, Toronto, Chicago, or Remote",https://stripe.com/jobs/search?gh_jid=8140438
Stripe,"Staff Software Engineer, API Platform","San Francisco, Seattle",https://stripe.com/jobs/search?gh_jid=8055701
Stripe,"Staff Software Engineer, Dashboard Product",San Francisco,https://stripe.com/jobs/search?gh_jid=8076151
Stripe,"Staff Software Engineer, Deployment Platform",Seattle,https://stripe.com/jobs/search?gh_jid=8038771
Stripe,"Staff Software Engineer, Financial Crimes",Toronto,https://stripe.com/jobs/search?gh_jid=8120494
Stripe,"Staff Software Engineer, Issuing ","NYC, SEA, San Francisco",https://stripe.com/jobs/search?gh_jid=7369269
Stripe,"Staff Software Engineer, Link",N/A,https://stripe.com/jobs/search?gh_jid=8082847
Stripe,"Staff Software Engineer, Link - Bank Connections","San Francisco, Seattle, New York",https://stripe.com/jobs/search?gh_jid=8142952
Stripe,"Staff Software Engineer, Link - Consumer Preference","San Francisco, NYC, Seattle",https://stripe.com/jobs/search?gh_jid=8257354
Stripe,"Staff Software Engineer, Machine Learning Platform",Toronto,https://stripe.com/jobs/search?gh_jid=7712852
Stripe,"Staff Software Engineer, Machine Learning Platform","San Francisco, Seattle",https://stripe.com/jobs/search?gh_jid=7939868
Stripe,"Staff Software Engineer, Money Movement Platform","SEA, San Francisco",https://stripe.com/jobs/search?gh_jid=8177513
Stripe,"Staff Software Engineer, Risk Data Engineering",Toronto,https://stripe.com/jobs/search?gh_jid=8112043
Stripe,"Staff Software Engineer, Service Infrastructure",AMER,https://stripe.com/jobs/search?gh_jid=8090141
Stripe,"Staff Software Engineer, Startup Products",N/A,https://stripe.com/jobs/search?gh_jid=8146271
Stripe,"Staff Software Engineer, Storage Abstractions","San Francisco, Seattle",https://stripe.com/jobs/search?gh_jid=8171539
Figma,Software Engineer - AI Platforms,"San Francisco, CA • New York, NY • United States",https://boards.greenhouse.io/figma/jobs/5691886004?gh_jid=5691886004
Figma,Software Engineer - AI Product,"San Francisco, CA • New York, NY • United States",https://boards.greenhouse.io/figma/jobs/5551730004?gh_jid=5551730004
Figma,"Software Engineer - AI Product (London, United Kingdom)","London, England",https://boards.greenhouse.io/figma/jobs/5551697004?gh_jid=5551697004
Figma,Software Engineer - Application Platform,"San Francisco, CA • New York, NY • United States",https://boards.greenhouse.io/figma/jobs/6142506004?gh_jid=6142506004
Figma,Software Engineer - C++,"San Francisco, CA • New York, NY • United States",https://boards.greenhouse.io/figma/jobs/5552530004?gh_jid=5552530004
Figma,Software Engineer - Data Infrastructure,"San Francisco, CA • New York, NY • United States",https://boards.greenhouse.io/figma/jobs/5551686004?gh_jid=5551686004
Figma,Software Engineer - Developer Experience,"San Francisco, CA • New York, NY • United States",https://boards.greenhouse.io/figma/jobs/5790627004?gh_jid=5790627004
Figma,Software Engineer - Distributed Systems,"San Francisco, CA • New York, NY • United States",https://boards.greenhouse.io/figma/jobs/5552549004?gh_jid=5552549004
Figma,"Software Engineer - Figma Weave (Tel Aviv, Israel) ","Tel Aviv, Israel",https://boards.greenhouse.io/figma/jobs/6073106004?gh_jid=6073106004
Figma,Software Engineer - Full Stack,"San Francisco, CA • New York, NY • United States",https://boards.greenhouse.io/figma/jobs/5691911004?gh_jid=5691911004
Figma,Software Engineer - Growth & Monetization,"San Francisco, CA • New York, NY • United States",https://boards.greenhouse.io/figma/jobs/5552560004?gh_jid=5552560004
Figma,"Software Engineer Intern (London, United Kingdom) (Summer 2027) ","London, England",https://boards.greenhouse.io/figma/jobs/6152695004?gh_jid=6152695004
Figma,Software Engineer Intern (Summer 2027),"San Francisco, CA • New York, NY",https://boards.greenhouse.io/figma/jobs/6143238004?gh_jid=6143238004
Figma,Software Engineer Intern (Winter 2027),"San Francisco, CA • New York, NY",https://boards.greenhouse.io/figma/jobs/6131089004?gh_jid=6131089004
Figma,Software Engineer - Machine Learning,"San Francisco, CA • New York, NY • United States",https://boards.greenhouse.io/figma/jobs/5551532004?gh_jid=5551532004
Figma,"Software Engineer - Machine Learning (London, United Kingdom)","London, England",https://boards.greenhouse.io/figma/jobs/6166497004?gh_jid=6166497004
Figma,Software Engineer - Mobile Web,"San Francisco, CA • New York, NY • United States",https://boards.greenhouse.io/figma/jobs/6100023004?gh_jid=6100023004
Vercel,"Software Engineer, Agentic Infrastructure","Hybrid - San Francisco, New York City",https://job-boards.greenhouse.io/vercel/jobs/6199608004
Vercel,"Software Engineer, AI Gateway",Hybrid - San Francisco,https://job-boards.greenhouse.io/vercel/jobs/5798406004
Vercel,"Software Engineer, Backend",Remote - United States,https://job-boards.greenhouse.io/vercel/jobs/5430088004
Vercel,"Software Engineer, CDN","Hybrid - San Francisco, New York City",https://job-boards.greenhouse.io/vercel/jobs/5179639004
Vercel,"Software Engineer, CDN Content",Hybrid - San Francisco,https://job-boards.greenhouse.io/vercel/jobs/6105394004
Vercel,"Software Engineer, Compute",Hybrid - London,https://job-boards.greenhouse.io/vercel/jobs/6113157004
Vercel,Software Engineer - Data Platform,Remote - United States,https://job-boards.greenhouse.io/vercel/jobs/6188400004
Vercel,"Software Engineer, eve",Hybrid - New York City,https://job-boards.greenhouse.io/vercel/jobs/6098390004
Vercel,"Software Engineer, Financial Data Platform","Hybrid - San Francisco, New York City",https://job-boards.greenhouse.io/vercel/jobs/5895013004
Vercel,Software Engineer - Next.js,"Hybrid - San Francisco, New York City",https://job-boards.greenhouse.io/vercel/jobs/6137958004
Vercel,"Software Engineer, Observability","Hybrid - San Francisco, New York City, London",https://job-boards.greenhouse.io/vercel/jobs/5428982004
Vercel,"Software Engineer, Platform ","Hybrid - San Francisco, New York City",https://job-boards.greenhouse.io/vercel/jobs/6195280004
Vercel,"Software Engineer, Scheduled Tasks",Hybrid - San Francisco,https://job-boards.greenhouse.io/vercel/jobs/6207796004
Vercel,"Software Engineer, Trust & Safety","Hybrid - San Francisco, New York City",https://job-boards.greenhouse.io/vercel/jobs/5649459004
